,title,order,body,A,B,C,D,E,resposta,resolucao
0,Questão 46 de Ciências Humanas e suas Tecnologias da prova ENEM/2022: (ENEM 2022)A dublagem é o novo,1,"<div class=""dangerous-html""><p style=""text-align:justify"">(ENEM 2022)</p><p style=""text-align:justify"">A dublagem é o novo campo a ser explorado pela inteligência artificial, e há empresas dedicadas a fazer com que as vozes originais de atores sejam transpostas para outros idiomas. A novidade reforça a tendência da automação de postos de trabalho nas mais diversas áreas. Tem potencial para facilitar a vida de estúdios e produtoras e, ao mesmo tempo, tornar mais escassas as oportunidades para dubladores e atores que trabalham com isso.</p><p style=""text-align:right""><span>GAGLIONI, C. Disponivel em: www.nexojornal.com.br. Acesso em: 25 out. 2021.</span></p><div style=""text-align:left""><span style=""font-size:1em"">A consequência da mudança tecnológica apresentada no texto é a</span></div><p></p></div>","<div class=""exercise-answer__content dangerous-html""><p>proteção da economia nacional.<br></p></div>","<div class=""exercise-answer__content dangerous-html""><p>valorização da cultura tradicional.</p></div>","<div class=""exercise-answer__content dangerous-html""><p>diminuição da formação acadêmica.<br></p></div>","<div class=""exercise-answer__content dangerous-html""><p>estagnação da manifestação artística.<br></p></div>","<div class=""exercise-answer__content dangerous-html""><p>ampliação do desemprego estrutural.</p></div>",E,"O desenvolvimento da inteligência artificial, como exposto no texto, substitui a mão de obra de dubladores e atores que habitualmente trabalhavam com dublagem, gerando, assim, a ampliação do desemprego estrutural, como dito, na prova amarela, no item E. Sabe-se que o desemprego estrutural caracteriza-se pela perda ou extinção de postos de trabalho em decorrência de transformações estruturais efetivadas no sistema econômico e produtivo.
"
1,Questão 47 de Ciências Humanas e suas Tecnologias da prova ENEM/2022: (ENEM 2022),2,"<div class=""dangerous-html""><p style=""text-align:justify"">(ENEM 2022)</p><p style=""text-align:justify"">&nbsp;&nbsp;&nbsp;&nbsp;Brasil e Argentina chegaram a um acordo para a redução em 10% da Tarifa Externa Comum (TEC) do Mercosul. O consenso foi alcançado durante negociação entre o ministro das Relações Exteriores do Brasil e o seu equivalente argentino, no Palácio do Itamaraty, em Brasília, no início do mês de outubro de 2021. A redução da TEC é um antigo desejo do Brasil, que pretende abrir mais sua economia e, com isso, ajudar a controlar a inflação. Já a Argentina temia que a medida pudesse afetar sua produção industrial. O acordo vai abranger uma ampla gama de produtos e ainda será apresentado ao Paraguai e Uruguai, para que seja formalizado.</p><p style=""text-align:right""><strong><span>Brasil e Argentina fecham acordo para corte de 10% na tarifa do Mercosul</span></strong><span>. Disponível em: https://oglobo.globo.com. Acesso em: 8 out. 2021 (adaptado).</span></p><p style=""text-align:justify"">A necessidade de negociação diplomática para viabilizar o acordo tarifário mencionado é explicada pela seguinte característica do Mercosul:</p></div>","<div class=""exercise-answer__content dangerous-html""><p>Limitação da circulação financeira.</p></div>","<div class=""exercise-answer__content dangerous-html""><p>Padronização da política monetária.</p></div>","<div class=""exercise-answer__content dangerous-html""><p>Funcionamento da união aduaneira.</p></div>","<div class=""exercise-answer__content dangerous-html""><p>Dependência da exportação agrícola.&nbsp;</p></div>","<div class=""exercise-answer__content dangerous-html""><p>Equivalência da legislação trabalhista.</p></div>",C,"O Mercosul foi criado em 1991, a partir do Tratado de Assunção, estabelecendo um bloco formado por Brasil, Argentina, Uruguai e Paraguai, com o objetivo de formar um mercado comum. Em 1994, foi assinado o Protocolo de Ouro Preto, estabelecendo uma união aduaneira, onde os países signatários estabeleceram um T.E.C-Tarifa Externa Comum.
"
2,Questão 48 de Ciências Humanas e suas Tecnologias da prova ENEM/2022: (ENEM 2022)Ainda que a fome oco,3,"<div class=""dangerous-html""><p>(ENEM 2022)</p><p style=""text-align:justify"">Ainda que a fome ocorrida na Itália em 536 tenha origem nos eventos climáticos, suas implicações são tanto políticas quanto econômicas. Nos primeiros séculos da Idade Média, o auxílio aos famintos se inscreve no domínio da gestão pública, mesmo quando a ação de seus agentes é apresentada sob o ângulo da piedade e da caridade individuais, como é o caso da Gália merovíngia. Assim, o fato de que as respostas à fome são mostradas, na Gália, como o fruto de iniciativas pessoais fundadas no imperativo da caridade deriva da natureza das fontes do século VI.</p><p style=""text-align:right""><span>SILVA, M. C. Os agentes públicos e a fome nos primeiros séculos da Idade Média. </span><strong><span>Varia Historia</span></strong><span>, n. 60, set.-dez. 2016 (adaptado).</span></p><p>Na conjuntura histórica destacada no texto, o dever de agir em face da situação de crise apresentada pertencia à jurisdição</p></div>","<div class=""exercise-answer__content dangerous-html""><p>da nobreza, proveniente da obrigação de proteção ao campesinato livre.<br></p></div>","<div class=""exercise-answer__content dangerous-html""><p>da realeza, decorrente do conceito de governo subjacente à monarquia cristã.&nbsp;<br></p></div>","<div class=""exercise-answer__content dangerous-html""><p>dos mosteiros, resultante do caráter fraternal afirmado nas regras monásticas.&nbsp;<br></p></div>","<div class=""exercise-answer__content dangerous-html""><p>dos bispados, consequente da participação dos clérigos nos assuntos comunitários.<br></p></div>","<div class=""exercise-answer__content dangerous-html""><p>das corporações, procedente do padrão assistencialista previsto nas normas estatutárias.</p></div>",B,"
Ao início da Idade Média, muitos dos chamados Reinos Bárbaros eram considerados cristãos e seus monarcas eram considerados responsáveis, perante Deus, pela vida de seus súditos, especialmente por ocasião de crises como surtos de fome."
3,Questão 49 de Ciências Humanas e suas Tecnologias da prova ENEM/2022: (ENEM 2022),4,"<div class=""dangerous-html""><p>(ENEM 2022)</p><p style=""text-align:justify"">&nbsp;&nbsp;&nbsp;&nbsp;As forças tectônicas dentro da litosfera, controladas pelo calor interno das profundezas, geram terremotos, erupções e soerguimento de montanhas. As forças meteorológicas dentro da atmosfera e da hidrosfera, controladas pelo calor do Sol, produzem tempestades, inundações, geleiras e outros agentes de erosão.</p><p style=""text-align:right""><span>PRESS, F. et al.</span><strong> Para entender a Terra.</strong><span> Porto Alegre: Bookman, 2006 (adaptado).</span></p><p style=""text-align:right""><span></span></p><div style=""text-align:justify""><span style=""font-size:1em"">A interação dinâmica entre as forças naturais citadas favorece a ocupação do espaço geográfico, na medida em que provoca a formação de</span></div><p></p></div>","<div class=""exercise-answer__content dangerous-html""><p>solos vulcânicos.</p></div>","<div class=""exercise-answer__content dangerous-html""><p>dorsais oceânicas.&nbsp;<br></p></div>","<div class=""exercise-answer__content dangerous-html""><p>relevos escarpados.<br></p></div>","<div class=""exercise-answer__content dangerous-html""><p>superfícies lateríticas.&nbsp;</p></div>","<div class=""exercise-answer__content dangerous-html""><p>dobramentos modernos.</p></div>",A,"Nessa questão buscamos quais são as interações entre as forças naturais citadas no texto. 
No texto temos as forças endógenas (movimentação das placas tectônicas) e as forças exógenas (forças meteorológicas). Essas forças acabam por colaborar para a formação dos solos vucânicos, que contribuiram para o assentamento e fixação do ser humano na terra. Já que os solos vulcânicos são conhecidos por serem os solos férteis que permitiram o sedentarismo do ser humano. "
4,Questão 50 de Ciências Humanas e suas Tecnologias da prova ENEM/2022: (ENEM 2022)Disponível em: https,5,"<div><p>(ENEM 2022)</p><p><img src=""https://raw.githubusercontent.com/NiedsonEmanoel/CDN_ENEMASTER/main/EnemasterParts/MjAyMi0xMS0xNCAwMDowOToyNSArMDAwMDg4Mzg4OA==.png"" data-filename=""58479""><br></p><p style=""text-align:right""><span>Disponível em: https://ndmais.com.br. Acesso em: 8 out. 2021.</span></p><p>O ápice da ilustração se traduz por uma conduta social caracterizada pela</p></div>","<div class=""exercise-answer__content dangerous-html""><p>cultura do cancelamento.</p></div>","<div class=""exercise-answer__content dangerous-html""><p>prática do feminicídio.<br></p></div>","<div class=""exercise-answer__content dangerous-html""><p>postura negacionista.&nbsp;<br></p></div>","<div class=""exercise-answer__content dangerous-html""><p>ação involuntária.<br></p></div>","<div class=""exercise-answer__content dangerous-html""><p>defesa da honra.</p></div>",B,"O texto demonstra uma relação cíclica do machismo estrutural que contempla situações opostas que resultam na absurda violência e prática do feminicídio expresso no item B.
"
5,Questão 51 de Ciências Humanas e suas Tecnologias da prova ENEM/2022: (ENEM 2022)TEXTO IA primeira gr,6,"<div class=""dangerous-html""><p style=""text-align:justify"">(ENEM 2022)</p><p style=""text-align:justify"">TEXTO I</p><p style=""text-align:justify"">A primeira grande lei educacional do Brasil, de 1827, determinava que, nas ""escolas de primeiras letras"" do Império, meninos e meninas estudassem separados e tivessem currículos diferentes. No Senado, o Visconde de Cayru foi um dos defensores de que o currículo de matemática das garotas fosse o mais enxuto possível. Nas palavras dele, o ""belo sexo"" não tinha capacidade intelectual para ir muito longe: -Sobre as contas, são bastantes [para as meninas] as quatro espécies, que não estão fora do seu alcance e lhes podem ser de constante uso na vida.<br></p><p style=""text-align:justify"">TEXTO II<br></p><p style=""text-align:justify"">No Senado, o único a defender publicamente que as meninas tivessem, em matemática, um currículo idêntico ao dos meninos foi o Marquês de Santo Amaro (RJ). Ele argumentou: - Não me parece conforme, às luzes do tempo em que vivemos, deixarmos de facilitar às brasileiras a aquisição desses conhecimentos [mais aprofundados de matemática]. A oposição que se manifesta não pode nascer senão do arraigado e péssimo costume em que estavam os antigos, os quais nem queriam que suas filhas aprendessem a ler.</p><p style=""text-align:right""><span>WESTIN, R. <strong>Senado Notícias.</strong> Disponível em: www12.senado.leg.br. Acesso em: 20 out. 2021 (adaptado).</span></p><p style=""text-align:justify"">Os discursos expressam pontos de vista divergentes respectivamente pela oposição entre</p></div>","<div class=""exercise-answer__content dangerous-html""><p>liberdade de gênero e controle social.</p></div>","<div class=""exercise-answer__content dangerous-html""><p>equidade de escolha e imposição cultural.</p></div>","<div class=""exercise-answer__content dangerous-html""><p>dominação de corpos e igualdade humana.<br></p></div>","<div class=""exercise-answer__content dangerous-html""><p>geração de oportunidade e restrição profissional.<br></p></div>","<div class=""exercise-answer__content dangerous-html""><p>exclusão de competências e participação política.</p><div><br></div></div>",C,"
O texto apresenta a “justificativa” de um senador brasileiro do período imperial para diferenciar a educação escolar de meninos e meninas, reduzindo para estas o conteúdo para adequá-las ao cotidiano doméstico supondo uma inferioridade intelectual. Isso demonstra a preocupação com os corpos e com a mente.
Já o texto II apresenta um contraponto: de que o ensino diferenciado entre os sexos não tem justificativa, portanto, evitar. Isto é fundamental para promover a igualdade humana."
6,Questão 52 de Ciências Humanas e suas Tecnologias da prova ENEM/2022: (ENEM 2022)Após sete anos da oc,7,"<div class=""dangerous-html""><p style=""text-align:justify"">(ENEM 2022)</p><p style=""text-align:justify"">Após sete anos da ocupação de um terreno abandonado em Santo André, no ABC paulista, os condomínios Novo Pinheirinho e Santos Dias foram inaugurados, com a presença de representantes dos governos federal, estadual e municipal. A ocupação começou em 2012 e, desde então, o movimento vinha reivindicando o direito de usufruir do espaço para a construção de casas. A Carta Magna, em seu art. 6º, garante a todos os brasileiros o direito à moradia.&nbsp;</p><p style=""text-align:right""><span>PUTTI, A. Disponível em: www.cartacapital.com.br. Acesso em: 13 nov. 2021 (adaptado).</span></p><p style=""text-align:right""><span></span></p><div style=""text-align:justify""><span style=""font-size:1em"">O texto apresenta uma estratégia usada pelo movimento social para</span></div><p></p></div>","<div class=""exercise-answer__content dangerous-html""><p>fragilizar o poder público.</p></div>","<div class=""exercise-answer__content dangerous-html""><p>fomentar a economia solidária.</p></div>","<div class=""exercise-answer__content dangerous-html""><p>controlar a propriedade estatal.</p></div>","<div class=""exercise-answer__content dangerous-html""><p>garantir o preceito constitucional.<br></p></div>","<div class=""exercise-answer__content dangerous-html""><p>incentivar a especulação imobiliária.<br></p></div>",D,"
Amparados no artigo 6 de nossa Constituição Federal, os ocupantes do referido terreno, após sete anos de ocupação, obtiveram, por parte dos poderes constituídos, a garantia do direito à moradia, expresso no artigo supracitado. Também fazem parte deste artigo outros importantes direitos sociais, como educação, saúde, trabalho, lazer e segurança, entre outros. Portanto, o item D é correto."
7,Questão 53 de Ciências Humanas e suas Tecnologias da prova ENEM/2022: (ENEM 2022)TEXTO IA Marinha ide,8,"<div><p><strong>(ENEM 2022)</strong></p><p><strong>TEXTO I</strong></p><p style=""text-align:justify"">A Marinha identifica, na voz de Thomas Barnett, uma ampla região potencialmente insubmissa ou simplesmente irredutível às normas gerais de funcionamento promovidas pelos Estados Unidos e sancionadas pelo Fundo Monetário Internacional, pela Organização Mundial do Comércio e pelo Banco Mundial. E não necessariamente por sua consciência rebelde, mas sim, em muitos casos, pela insubstancialidade de suas instituições estatais.</p><p style=""text-align:justify""><strong>TEXTO II</strong></p><p style=""text-align:justify""><img src=""https://raw.githubusercontent.com/NiedsonEmanoel/CDN_ENEMASTER/main/EnemasterParts/MjAyMi0xMS0xNCAwMDoxNTozMSArMDAwMDk3OTkyNA==.png"" data-filename=""58480""><strong><br></strong></p><p style=""text-align:right""><span>CECEÑA, A. E. </span><strong>Hegemonias e emancipações no século XXI</strong><span>. Buenos Aires: Clacso, 2005 </span></p><p style=""text-align:justify"">As preocupações do governo estadunidense expressas no texto e no mapa evidenciam uma estratégia para&nbsp;</p><div style=""text-align:justify""><br></div></div>","<div class=""exercise-answer__content dangerous-html""><p>compartilhamento de inovações tecnológicas.</p></div>","<div class=""exercise-answer__content dangerous-html""><p>promoção da independência financeira.<br></p></div>","<div class=""exercise-answer__content dangerous-html""><p>incremento de intercâmbios culturais<br></p></div>","<div class=""exercise-answer__content dangerous-html""><p>ampliação de influência econômica<br></p></div>","<div class=""exercise-answer__content dangerous-html""><p>preservação de recursos naturais<br></p></div>",D,"
Em seu novo livro, Novo Mapa do Pentágono, Thomas Barnett descreve a necessidade de novas regras para uma nova era. Barnett acredita que o Pentágono se manteve preso por muito tempo a uma mentalidade do período da Guerra Fria, em que se organizava a máquina militar para enfrentar conflitos com grandes potências (interestatais). No Novo Mapa do Pentágono são mostradas regiões que estão efetivamente integradas e as que estão largamente excluídas. Barnett acredita também que se as regiões excluídas representam perigo, torna-se necessário ampliar a influência econômica e integrar essas regiões à comunidade dos países globalizados."
8,"Questão 54 de Ciências Humanas e suas Tecnologias da prova ENEM/2022: (ENEM 2022)Colegas, na mente e",9,"<div class=""dangerous-html""><p style=""text-align:justify"">(ENEM 2022)<br>Colegas, na mente e no coração do povo, a Crimeia sempre foi uma porção inseparável da Rússia. Essa firme convicção se baseia na verdade e na justiça e foi passada de geração em geração, ao longo do tempo, sob quaisquer circunstâncias, apesar de todas as drásticas mudanças que nosso país atravessou durante todo o século XX.</p><p style=""text-align:right""><span>Disponível em: http://g1.globo.com. Acesso em: 28 jul. 2014.</span></p><p style=""text-align:justify"">Considerando a dinâmica geopolítica subjacente ao texto, a justificativa utilizada por Vladimir Putin, em 2014, para anexação dessa península apela para o argumento de que&nbsp;</p></div>","<div class=""exercise-answer__content dangerous-html""><p>as populações com idioma comum devem estar submetidas à mesma autoridade estatal.&nbsp;<br></p></div>","<div class=""exercise-answer__content dangerous-html""><p>o imperialismo soviético havia se acomodado às pretensões das potências vizinhas.<br></p></div>","<div class=""exercise-answer__content dangerous-html""><p>os organismos transnacionais são incapazes de solucionar disputas territoriais.<br></p></div>","<div class=""exercise-answer__content dangerous-html""><p>a integração regional supõe a livre circulação de pessoas e mercadorias.<br></p></div>","<div class=""exercise-answer__content dangerous-html""><p>a expulsão das forças navais ocidentais garantiria a soberania nacional.<br></p></div>",A,"
A Crimeia, situada no Mar Negro, banhada a nordeste pelo Mar de Azov, a sudoeste da Rússia e sul da Ucrânia, constitui uma área historicamente disputada por grandes impérios.
Em 1783, a czarina Catarina II anexou o território ao império russo e criou a Base de Sevastopol, considerada estratégica para a defesa russa, daí a maioria da população local ser majoritariamente russa (cerca de 60%), havendo, portanto, uma ligação étnico-cultural e histórica; fato que é usado por Putin para justificar a anexação em março de 2014 (não reconhecida pela ONU)."
9,Questão 55 de Ciências Humanas e suas Tecnologias da prova ENEM/2022: (ENEM 2022)O leproso é visto de,10,"<div class=""dangerous-html""><p>(ENEM 2022)</p><p style=""text-align:justify"">O leproso é visto dentro de uma prática da rejeição, do exílio-cerca; deixa-se que se perca lá dentro como numa massa que não tem muita importância diferenciar, os pestilentos são considerados num policiamento tático meticuloso onde as diferenciações individuais são os efeitos limitantes de um poder que se multiplica, se articula e se subdivide. O grande fechamento por um lado; o bom treinamento por outro. A lepra e sua divisão; a peste e seus recortes. Uma é marcada, a outra, analisada e repartida. O exílio do leproso e a prisão da peste não trazem consigo o mesmo sonho político.&nbsp;</p><p style=""text-align:right""><span>FOUCAULT, M. </span><strong>Vigiar e punir: nascimento da prisão</strong><span>. Petrópolis: Vozes, 1967. ,</span></p><p style=""text-align:right""><span><br></span></p><div style=""text-align:justify""><span style=""font-size:1em"">Os modelos autoritários descritos no texto um sistema de controle que se baseia no(a):</span></div><p></p><div style=""text-align:justify""><br></div></div>","<div class=""exercise-answer__content dangerous-html""><p>Formação de sociedade disciplinar.</p></div>","<div class=""exercise-answer__content dangerous-html""><p>Flexibilização do regramento social.<br></p></div>","<div class=""exercise-answer__content dangerous-html""><p>Banimento da autoridade repressora.&nbsp;</p></div>","<div class=""exercise-answer__content dangerous-html""><p>Condenação da degradação humana.<br></p></div>","<div class=""exercise-answer__content dangerous-html""><p>Hierarquização da burocracia estatal.</p></div>",A,"
Foucault analisa, dentro de sua filosofia, as relações entre poder e saber, a fim de compreender a formação de uma sociedade de controle. Sob uma forte perspectiva histórica, Foucault acompanha as diferentes formas de relação de dominação do Estado para com a sociedade. Do ponto de vista sanitário, a política de corpo aplicada sobre ""leprosos"" e ""pestilentos"", conforme sugerida no texto, é parte de um projeto de sociedade disciplinar."
10,Questão 56 de Ciências Humanas e suas Tecnologias da prova ENEM/2022: (ENEM 2022)TEXTO IEm março de 1,11,"<div class=""dangerous-html""><p style=""text-align:justify"">(ENEM 2022)</p><p style=""text-align:justify""><strong>TEXTO I</strong></p><p style=""text-align:justify"">Em março de 1889, quando apareceram as primeiras romarias atraídas pelos milagres da beata Maria de Araújo, Juazeiro inseriu-se no rol da fundação do espaço religioso. Construía-se mais um centro, como Aparecida do Norte, Canindé ou Lourdes.</p><p style=""text-align:right""><span>RAMOS, F. R. L. </span><strong><span>O meio do mundo</span></strong><span>: território sagrado em Juazeiro do Padre Cícero Fortaleza: Imprensa Universitária, 2014.</span></p><p style=""text-align:justify""><strong>TEXTO II</strong></p><p style=""text-align:justify"">Não sabemos ao certo quantas pessoas estavam presentes na capela no momento em que a hóstia sangrou na boca de Maria de Araújo. O Padre Cícero nos conta que o fato surpreendeu não só aos presentes, mas a própria beata parecia atordoada com o ocorrido. O fenômeno continuou acontecendo todas as quartas e sextas na Capela de Nossa Senhora das Dores a partir daquele dia. Os paninhos manchados do sangue que escorria da hóstia e da boca da beata, a princípio, ficaram sob a guarda do Padre Cícero, mas logo foram expostos à visitação pública e, além disso, o sangramento foi proclamado como milagre sem o conhecimento e sem a autorização do bispo diocesano.</p><p style=""text-align:right""><span>NOBRE, E.</span><strong><span> Incêndios da alma</span></strong><span>. Rio de Janeiro: Multifoco, 2016 (adaptado). </span></p><p style=""text-align:justify"">As práticas religiosas mencionadas nos textos estão associadas, respectivamente, à:</p><div><br></div></div>","<div class=""exercise-answer__content dangerous-html""><p>Delimitação de paisagens urbanas e abandono de componentes espiritualistas.<br></p></div>","<div class=""exercise-answer__content dangerous-html""><p>Demarcação de patrimônios afetivos e apropriação de elementos judaizantes.<br></p></div>","<div class=""exercise-answer__content dangerous-html""><p>Expansão de fronteiras regionais e subjetivação do cristianismo medieval.</p></div>","<div class=""exercise-answer__content dangerous-html""><p>Circunscrição de bens simbólicos cerimônias e admissão de cerimônias ecumênicas.<br></p></div>","<div class=""exercise-answer__content dangerous-html""><p>Criação de lugares místicos e experiências do catolicismo popular.<br></p></div>",E,"Ao se debruçarem sobre o episódio histórico conhecido como o ""Milagre de Juazeiro"", os textos equiparam a cidade cearense a centros religiosos como Aparecida e Lourdes e afir- mam que a difusão do fenômeno milagroso ocorreu à revelia da aprovação oficial do clero, revestindo-se, portanto, de um caráter eminentemente popular.
"
11,"Questão 57 de Ciências Humanas e suas Tecnologias da prova ENEM/2022: (ENEM 2022)Em 2003, teve início",12,"<div class=""dangerous-html""><p>(ENEM 2022)</p><p style=""text-align:justify"">Em 2003, teve início o Programa de Aquisição de Alimentos e, com ele, várias mudanças na perspectiva dos mercados institucionais. Trata-se do primeiro programa de compras públicas com uma orientação exclusiva para a agricultura familiar, articulando-a explicitamente com a segurança alimentar e nutricional. O Programa é destinado à aquisição de produtos agropecuários produzidos por agricultores enquadrados no Programa Nacional de Fortalecimento da Agricultura Familiar (Pronaf), incluídas aqui as categorias: assentados da reforma agrária, trabalhadores rurais sem terra, acampados, quilombolas, agroextrativistas, famílias atingidas por barragens e comunidades indígenas.</p><p style=""text-align:right""><span>GRISA, C.; ISOPO, S. P. Dez anos de PAA: As contribuições e os desafios para o desenvolvimento rural. In: GRISA, C.; SCHNEIDER, S. (Org.). </span><strong><span>Politicas públicas de desenvolvimento rural no Brasil</span></strong><span>. Porto Alegre: UFRGS, 2015.</span></p><p style=""text-align:right""><span><br></span></p><div style=""text-align:justify""><span style=""font-size:1em"">A ação governamental descrita constitui-se importante conquista para os pequenos produtores em virtude da:</span></div><p></p></div>","<div class=""exercise-answer__content dangerous-html""><p>Inovação tecnológica.</p></div>","<div class=""exercise-answer__content dangerous-html""><p>Reestruturação fundiária.<br></p></div>","<div class=""exercise-answer__content dangerous-html""><p>Comercialização garantida.</p></div>","<div class=""exercise-answer__content dangerous-html""><p>Eliminação no custo do frete.</p></div>","<div class=""exercise-answer__content dangerous-html""><p>Negociação na bolsa de valores.</p></div>",C,"Os pequenos produtores são diretamente responsáveis por boa parte dos alimentos que se encontram, diariamente, na mesa dos brasileiros. As propriedades rurais brasileiras de pequeno e médio porte são compostas por grande parte dos agricultores do país, geralmente são trabalhadores rurais que produzem diversas culturas com pouca tecnologia e mão de obra familiar. O Programa de Aquisição de Alimentos (PAA), criado pelo art. 19 da Lei nº 10.696, de 2 de julho de 2003, possui duas finalidades básicas: promover o acesso à alimentação e incentivar a agricultura familiar. Para o alcance desses dois objetivos, o programa compra alimentos produzidos pela agricultura familiar, com dispensa de licitação, e os destina às pessoas em situação de insegurança alimentar e nutricional e aquela atendidas pela rede socioassistencial, pelos equipamentos públicos de segurança alimentar e nutricional e pela rede pública e filantrópica de ensino. O Programa de Aquisição de Alimentos (PAA) faz parte de uma estratégia que beneficia aos pequenos e médios produtores a partir da comercialização garantida.
"
12,Questão 58 de Ciências Humanas e suas Tecnologias da prova ENEM/2022: (ENEM 2022)Um experimento denom,13,"<div class=""dangerous-html""><p>(ENEM 2022)</p><p style=""text-align:justify"">Um experimento denominado FunFit foi desenvolvido com o objetivo de fazer com que os membros de uma comunidade local se tornassem mais ativos fisicamente. Todos os participantes do estudo foram vinculados a dois outros membros da comunidade que receberiam pequenos incentivos em dinheiro para serem estimulados a aumentar a sua atividade física, que era medida por acelerômetros nos celulares fornecidos pelo estado. Assim, se a pessoa andasse mais do que o habitual, seus conhecidos receberiam o dinheiro. Os resultados foram assombrosos: o esquema mostrou-se de quatro a oito mais eficaz do que o método de oferecer incentivos individuais.</p><p style=""text-align:right""><span>MOROZOV, E. </span><strong><span>Big Tech: a ascensão dos dados e a morte da política</span></strong><span>. São Paulo: Ubu, 2018 (adaptado).</span></p><p>Contrariando a visão prevalente sobre o impacto tecnológico nas relações humanas, o texto revela que os celulares podem desempenhar uma função</p></div>","<div class=""exercise-answer__content dangerous-html""><p>recreativa, promovendo o lazer em redes integradas.<br></p></div>","<div class=""exercise-answer__content dangerous-html""><p>social, estimulando a reciprocidade por meios digitais.&nbsp;<br></p></div>","<div class=""exercise-answer__content dangerous-html""><p>laboral, convertendo o desenvolvedor em usuário final.<br></p></div>","<div class=""exercise-answer__content dangerous-html""><p>comercial, direcionando a escolha por produtos industrializados.<br></p></div>","<div class=""exercise-answer__content dangerous-html""><p>cognitiva, favorecendo a aprendizagem pelas ferramentas virtuais.<br></p></div>",B,"
A tecnologia, seu avanço e uso em massa sofre críticas e pode ser vista como causador de uma dependência e até vício da sociedade contemporânea. No entanto, o texto revela que o correto e adequado uso da tecnologia possui uma importante função social e com efetiva reciprocidade para o bem-estar e para a vida humana."
13,Questão 59 de Ciências Humanas e suas Tecnologias da prova ENEM/2022: (ENEM 2022)Empédocles estabelec,14,"<div class=""dangerous-html""><p>(ENEM 2022)<br></p><div style=""text-align:justify"">Empédocles estabelece quatro elementos corporais -fogo, ar, água e terra-, que são eternos e que mudam aumentando e diminuindo mediante mistura e separação; mas os princípios propriamente ditos, pelos quais aqueles são movidos, são o Amor e o Ódio, Pois é preciso que os elementos permaneçam alternadamente em movimento, ora misturados pelo Amor, ora separados pelo Ódio.</div><p></p><div style=""text-align:right""><span>SIMPLICIO. Fisica, 25, 21. In: </span><strong>Os pré-socráticos</strong><span>, São Paulo: Nova Cultural, 1996.</span></div><div style=""text-align:right""><br><div style=""text-align:justify""><span style=""font-size:1em"">O texto propõe uma reflexão sobre o entendimento de Empédocles acerca da arché, uma preocupação típica do pensamento pré-socrático, porque</span><br></div></div></div>","<div class=""exercise-answer__content dangerous-html""><p>exalta a investigação filosófica.<br></p></div>","<div class=""exercise-answer__content dangerous-html""><p>transcende ao mundo sensível.</p><div><br></div></div>","<div class=""exercise-answer__content dangerous-html""><p>evoca a discussão cosmogônica.<br></p></div>","<div class=""exercise-answer__content dangerous-html""><p>fundamenta as paixões humanas.<br></p></div>","<div class=""exercise-answer__content dangerous-html""><p>corresponde à explicação mitológica.</p><div><br></div></div>",C,"
Empédocles, como pré-socrático, traz a preocupação de investigar e entender as origens da natureza, sob uma perspectiva cosmológica. Todavia, quando traz o Amor (Phelia) e o Ódio (Neikos), estes são dois princípios cosmogônicos de atração / repulsão entre os quatro elementos. Apesar de haver uma preocupação de investigação filosófica, o foco está na discussão do ""cosmo""."
14,Questão 60 de Ciências Humanas e suas Tecnologias da prova ENEM/2022: (ENEM 2022)Macrocefalia urbana,15,"<div class=""dangerous-html""><p>(ENEM 2022)</p><p>Macrocefalia urbana pode ser entendida como a massiva concentração das atividades econômicas em algumas metrópoles que propicia o desencadeamento de processos descompassados: redirecionamento e convergência de fluxos migratórios, déficit no número de empregos, ocupação desordenada de determinadas regiões da cidade e estigmatização de estratos sociais, que comprometem substancialmente a segurança pública urbana. </p><p style=""text-align:right""><span>SANTOS, M. <strong>O espaço dividido</strong>: os dois circuitos da economia urbana dos países subdesenvolvidos. São Paulo: Edusp, 2004.</span></p><p style=""text-align:right""><span><br></span></p><div style=""text-align:justify""><span style=""font-size:1em"">O processo de concentração espacial apresentado foi estimulado por qual fator geográfico?</span></div><p></p><div style=""text-align:justify""><br></div></div>","<div class=""exercise-answer__content dangerous-html""><p>Limitação da área ocupada.<br></p></div>","<div class=""exercise-answer__content dangerous-html""><p>Êxodo da população do campo.</p><div><br></div></div>","<div class=""exercise-answer__content dangerous-html""><p>Ampliação do risco habitacional.</p><div><br></div></div>","<div class=""exercise-answer__content dangerous-html""><p>Deficiência do transporte alternativo.<br></p></div>","<div class=""exercise-answer__content dangerous-html""><p>Crescimento da taxa de fecundidade.</p><div><br></div></div>",B,"

A questão faz uma abordagem sobre um dos principais problemas do processo de urbanização presentes na realidade, principalmente, dos países subdesenvolvidos, que é a macrocefalia urbana, sendo frequente nas grandes metrópoles. Essa conceituação está associada ao crescimento desordenado das cidades. Assim, pode-se afirmar que macrocefalia urbana é o processo de crescimento urbano sem estrutura e sem condições dignas de vida, decorrente do aumento no número de habitantes de uma cidade, causado pela migração. O crescimento populacional, associado ao planejamento urbano ineficiente, é um dos fatores que favorecem ocupações irregulares, moradias precárias e favelas, levando à construção de uma sociedade marginalizada dentro dos grandes centros urbanos. Assim, a macrocefalia urbana é marcada pela concentração de uma população num espaço limitado e sem infraestrutura, estimulado pelo êxodo rural."
15,"Questão 61 de Ciências Humanas e suas Tecnologias da prova ENEM/2022: (ENEM 2022)Entretanto, nosso am",16,"<div class=""dangerous-html""><p>(ENEM 2022)</p><p style=""text-align:justify"">Entretanto, nosso amigo Basso tem o ânimo alegre. Isso resulta da filosofia: estar alegre diante da morte, forte e contente qualquer que seja o estado do corpo, sem desfalecer, ainda que desfaleça.</p><p style=""text-align:right""><span>SENECA, L. </span><strong>Cartas morais</strong><span>. Lisboa: Calouste Gulbenkian, 1990.</span></p><p style=""text-align:right""><span><br></span></p><div style=""text-align:left""><span style=""text-align:justify;font-size:1em"">O excerto refere-se a uma carta de Sêneca na qual se apresenta como um bem fundamental da filosofia promover a</span></div><p></p></div>","<div class=""exercise-answer__content dangerous-html""><p><span style=""font-size:1em"">valorização de disputas dialógicas.</span><br></p></div>","<div class=""exercise-answer__content dangerous-html""><p>rejeição das convenções sociais.<br></p></div>","<div class=""exercise-answer__content dangerous-html""><p>inspiração de natureza religiosa.</p></div>","<div class=""exercise-answer__content dangerous-html""><p>exaltação do sofrimento</p></div>","<div class=""exercise-answer__content dangerous-html""><p>moderação de paixões</p></div>",E,"
O texto alude a um conformismo diante da morte, o que pode ser estendido a qualquer outro tipo de sofrimento. Essa postura é típica do Estoicismo, à qual, inclusive, está ligado Séneca. Dessa forma, há uma necessidade de o Homem conter as emoções (autarquia) para poder ser feliz."
16,Questão 62 de Ciências Humanas e suas Tecnologias da prova ENEM/2022: (ENEM 2022)Quando os espanhóis,17,"<div class=""dangerous-html""><p>(ENEM 2022)</p><p style=""text-align:justify"">Quando os espanhóis chegaram à América, estava em seu apogeu o império teocrático dos Incas, que estendia seu poder sobre o que hoje chamamos Peru, Bolívia e Equador, abarcava parte da Colômbia e do Chile e alcançava até o norte argentino e a selva brasileira; a confederação dos Astecas tinha conquistado um alto nível de eficiência no vale do México, e no Yucatán, na América Central, a esplêndida civilização dos Maias persistia nos povos herdeiros, organizados para o trabalho e para a guerra. Os Maias tinham sido grandes astrónomos, mediram o tempo e o espaço com assombrosa precisão, e tinham descoberto o valor do número zero antes de qualquer povo da história. No museu de Lima, podem ser vistos centenas de crânios que receberam placas de ouro e prata por parte dos cirurgiões Incas.</p><p style=""text-align:right""><span>GALEANO, E. <strong>As veias abertas da América Latina</strong>. Porto Alegre: L&amp;PM, 2012.</span></p><p style=""text-align:left"">As sociedades mencionadas deixaram como legado uma diversidade de</p><div><br></div></div>","<div class=""exercise-answer__content dangerous-html""><p>bens religiosos inspirados na matriz cristã.</p><div><br></div></div>","<div class=""exercise-answer__content dangerous-html""><p>materiais bélicos pilhados em batalhas coloniais.<br></p></div>","<div class=""exercise-answer__content dangerous-html""><p>heranças culturais constituídas em saberes próprios.<br></p></div>","<div class=""exercise-answer__content dangerous-html""><p>costumes laborais moldados em estilos estrangeiros.&nbsp;<br></p></div>","<div class=""exercise-answer__content dangerous-html""><p>práticas medicinais alicerçadas no conhecimento científico.<br></p></div>",C,"
Os ameríndios, que habitavam as terras mais tarde dominadas pelos espanhóis, possuíam conhecimento elevadíssimo de engenharia, matemática, astronomia, metalurgia, entre outros saberes, fato que causou imensa surpresa aos europeus. Os astecas, com suas praças agitadas pelo comércio, as peças finas de ourivesaria, também presentes entre maias e incas, os relógios solares, calendários e templos maias, as estradas incas, além da agricultura em patamares, das práticas de mumificação e da medicina avançada, para povos que se desenvolveram em aparente isolamento em relação a outras culturas; todas essas grandiosas amostras de conhecimento são classificadas como autóctones, ou saberes próprios, atestando o elevado nível cultural desses povos."
17,"Questão 63 de Ciências Humanas e suas Tecnologias da prova ENEM/2022: (ENEM 2022)Em Vitória (ES), no",18,"<div class=""dangerous-html""><p>(ENEM 2022)</p><p style=""text-align:justify"">Em Vitória (ES), no bairro Goiabeiras, encontramos as paneleiras, mulheres que são conhecidas pelos saberes/fazeres das tradicionais panelas de barro, ícones da culinária capixaba. A tradição passada de mãe para filha é de origem indigena e sofreu influência de outras etnias, como a afro e a luso. Dessa mistura, acredita-se que a fabricação das panelas de barro já tenha 400 anos. A fabricação das panelas de barro se dá em várias etapas, desde a obtenção de matéria-prima à confecção das panelas. As matérias-primas tradicionalmente utilizadas são provenientes do meio natural, como: argila, retirada I do barreiro no Vale do Mulembá; madeira, atualmente proveniente das sobras da construção civil; e tinta, extraída da casca do manguezal, o popular mangue-vermelho.</p><p style=""text-align:right"">TRISTÃO, M. A educação ambiental e o pós-colonialismo. <strong>Revista de Educação</strong>, n. 53, ago, 2014</p><p style=""text-align:left"">Uma característica de práticas tradicionais como a exemplificada no texto é a vinculação entre os recursos do mundo natural e a</p></div>","<div class=""exercise-answer__content dangerous-html""><p>manutenção dos modos de vida.&nbsp;<br></p></div>","<div class=""exercise-answer__content dangerous-html""><p>conservação dos plantios da roça.</p></div>","<div class=""exercise-answer__content dangerous-html""><p>atualização do modelo de gestão.</p></div>","<div class=""exercise-answer__content dangerous-html""><p>participação na sociedade de consumo.&nbsp;</p></div>","<div class=""exercise-answer__content dangerous-html""><p>especialização nas etapas de produção.</p></div>",A,"As práticas culturais e tradicionais repetidas secularmente expressas no texto referentes às paneleiras do bairro Goiabeiras, em Vitória (ES), fazem uso da matéria-prima proveniente da própria natureza vinculada às atividades que representam a manutenção dos modos de vida.
Resolução fornecida em parceria com Colégio Ari de Sá e SAS Plataforma de Educação"
18,Questão 64 de Ciências Humanas e suas Tecnologias da prova ENEM/2022: (ENEM 2022)Os caixeiros do comé,19,"<div class=""dangerous-html""><p>(ENEM 2022)</p><p style=""text-align:justify"">Os caixeiros do comércio a retalho do Rio de Janeiro estiveram entre as primeiras categorias de trabalhadores a se organizar em associações e a exigir a intervenção dos poderes públicos na mediação de suas lutas por direitos. Na década de 1880, os caixeiros participaram da arena política e ganharam as ruas com vários outros, como os republicanos e os abolicionistas.</p><p style=""text-align:right""><span>POPINIGIS, F. ""Todas as liberdades são irmãs"": os caixeiros e as lutas dos trabalhadores por direitos entre o Império e a República. </span><strong>Estudos Históricos</strong><span>, n. 59, set-doz. 2016 (adaptado)&nbsp;</span></p><p style=""text-align:right""><span><br></span></p><div style=""text-align:justify""><span style=""text-align:left;font-size:1em"">A atuação dos trabalhadores mencionados no texto representou, na capital do Império, um momento de</span></div><p></p></div>","<div class=""exercise-answer__content dangerous-html""><p>manutenção das regras patronais.<br></p></div>","<div class=""exercise-answer__content dangerous-html""><p>desprendimento das ideias liberais.&nbsp;<br></p></div>","<div class=""exercise-answer__content dangerous-html""><p>fortalecimento dos contratos laborais.</p></div>","<div class=""exercise-answer__content dangerous-html""><p>consolidação das estruturas sindicais.<br></p></div>","<div class=""exercise-answer__content dangerous-html""><p>contestação dos princípios monárquicos.</p></div>",E,"
A década de 1880 foi marcada pelo afunilamento das pressões contra a carcomida monarquia, a qual se encontrava à deriva devido à perda do apoio de importantes pilares de sustentação, como a Igreja Católica, na Querela, envolvendo a Maçonaria, e o Exército, após a frustração pós-Guerra do Paraguai, além do surgimento dos primeiros partidos republicanos. Ademais, além das lutas de alguns setores sociais emergentes, por reconhecimento, como o proletariado urbano, as causas republicana e abolicionista, à medida que o final do século XIX se aproximava, passaram a caminhar de mãos dadas contra o arquejante Império. Portanto, considerando a época, quando o nivel de conscientização de classe ainda não estava bem alicerçado, os diversos movimentos se concentraram contra a ordem vigente."
19,Questão 65 de Ciências Humanas e suas Tecnologias da prova ENEM/2022: (ENEM 2022)Solos salinos ou alo,20,"<div class=""dangerous-html""><p>(ENEM 2022)</p><p style=""text-align:justify"">Solos salinos ou alomórficos apresentam como característica comum uma concentração muito alta de sais solúveis e/ou de sódio trocável. Eles ocorrem nos locais mais baixos do relevo, em regiões áridas e semiáridas e próximas do mar. Em regiões semiáridas, por exemplo, o polígono das secas do Nordeste brasileiro, os locais menos elevados recebem água que se escoa dos declives adjacentes, durante as chuvas que caem em alguns meses do ano. Essa água traz soluções de sais minerais e evapora-se rapidamente antes de infiltrar-se totalmente, havendo então, cada vez que esse processo é repetido, um pequeno acúmulo de sais no horizonte superficial que, com o passar dos anos, provoca a salinização do solo. Nas últimas décadas, a expansão das atividades agrícolas na região tem ampliado esse processo.</p><p style=""text-align:right""><span>LEPSCH, I. F. <strong>Solos: formação e conservação.</strong> São Paulo: Melhoramentos, 1993 (adaptado).</span></p><p style=""text-align:right""><span><br></span></p><div style=""text-align:left""><span style=""text-align:justify;font-size:1em"">As atividades agrícolas, desenvolvidas na região mencionada, intensificam o problema ambiental exposto ao</span></div><p></p><div style=""text-align:justify""><br></div></div>","<div class=""exercise-answer__content dangerous-html""><p>realizar florestamentos de pinus, desrespeitando a prática do pousio.&nbsp;<br></p></div>","<div class=""exercise-answer__content dangerous-html""><p>utilizar sistemas de irrigação, desprezando uma drenagem adequada.&nbsp;</p></div>","<div class=""exercise-answer__content dangerous-html""><p>instalar açudes nos grotões, retardando a velocidade da vazão fluvial.</p></div>","<div class=""exercise-answer__content dangerous-html""><p>desmatar áreas de preservação permanente, causando assoreamento.<br></p></div>","<div class=""exercise-answer__content dangerous-html""><p>aplicar fertilizantes de origem orgânica, modificando a química da terra.<br></p></div>",B,"
A formação de solos salinos é típica de regiões áridas, semi- áridas, marcadas por taxa de evaporação superior à precipitação. No semiárido nordestino, o domínio do embasamento cristalino e as transgressões marinhas aliadas ao regime termopluviométrico favorecem a concentração de sais solúveis na superfície. O manejo incorreto da água nos perímetros irrigados favorece a uma elevada taxa de evaporação concentrando na superfície o sal mineral, originando solos salinos ou halomórfico."
20,Questão 66 de Ciências Humanas e suas Tecnologias da prova ENEM/2022: (ENEM 2022)TEXTO ITEXTO IIÉ com,21,"<div><p>(ENEM 2022)</p><p><strong>TEXTO I</strong></p><p style=""text-align:center""><img src=""https://raw.githubusercontent.com/NiedsonEmanoel/CDN_ENEMASTER/main/EnemasterParts/MjAyMi0xMS0xNCAwMDoxNzo1MyArMDAwMDg1NTkyNA==.png"" data-filename=""58481""><strong><br></strong></p><p style=""text-align:right""><br></p><div><strong>TEXTO II</strong></div><p style=""text-align:justify"">É como se os problemas fossem criados pela pandemia quando, em verdade, isso só demonstra o quanto eles sofrem uma tentativa de serem naturalizados. Eles estavam lá, empurrados para debaixo de vários tapetes. Diversos levantamentos realizados indicam que parcela significativa dos estudantes não têm acesso à internet em suas casas, não têm computadores; têm celulares, mas com pacotes baratos que não permitem assistir a todas as aulas. E, caso tenham celulares e dados, pergunta-se: É possível elaborar um texto no celular? É possível interagir na aula remota pelo celular?</p><p style=""text-align:right""><span>ASSIS, A. E. S. Q. Educação e pandemia. </span><strong>Educação em Revista</strong><span>, n. 37, 2021 (adaptado).</span></p><p style=""text-align:justify""><span style=""text-align:left"">A crítica contida no texto e na figura evidencia o seguinte aspecto da sociedade contemporânea:</span></p></div>","<div class=""exercise-answer__content dangerous-html""><p>Exclusão social.</p></div>","<div class=""exercise-answer__content dangerous-html""><p>Expansão digital.<br></p></div>","<div class=""exercise-answer__content dangerous-html""><p>Manifestação cultural.<br></p></div>","<div class=""exercise-answer__content dangerous-html""><p>Organização espacial.<br></p></div>","<div class=""exercise-answer__content dangerous-html""><p>Valorização intelectual.<br></p></div>",A,"
A Imagem e o texto nos levam a refletir sobre uma questão em destaque no período pandêmico, em que as desigualdades foram aprofundadas, tornando-se mais visíveis os desequilíbrios sociais e o acesso à tecnologia, expondo uma profunda exclusão social."
21,Questão 67 de Ciências Humanas e suas Tecnologias da prova ENEM/2022: (ENEM 2022)Possível trajeto do,22,"<div><p>(ENEM 2022)</p><p style=""text-align:center""><strong>Possível trajeto do voo MH370 da Malaysia Airlines antes da queda, em 2014</strong></p><p style=""text-align:center""><img src=""https://raw.githubusercontent.com/NiedsonEmanoel/CDN_ENEMASTER/main/EnemasterParts/MjAyMi0xMS0xNCAwMDozMDozNyArMDAwMDk1NDQ2Nw==.png"" data-filename=""58485""><strong><br></strong></p><p style=""text-align:center""><br></p><p style=""text-align:right""><span>Disponível em: http://imguol.com. Acesso em: 30 mar. 2014 (adaptado).&nbsp;</span></p><p><br></p><p style=""text-align:justify"">Considerando-se que a distância entre o local onde os destroços do avião foram avistados e a cidade de Perth é de 2 cm, a escala aproximada dessa representação cartográfica é:</p><div style=""text-align:justify""><br></div></div>","<div class=""exercise-answer__content dangerous-html""><p>1:12 500.<br></p></div>","<div class=""exercise-answer__content dangerous-html""><p>1: 125 000.</p></div>","<div class=""exercise-answer__content dangerous-html""><p>1:1 250 000.</p></div>","<div class=""exercise-answer__content dangerous-html""><p>1:12 500 000.</p></div>","<div class=""exercise-answer__content dangerous-html""><p>1:125 000 000.<br></p></div>",E,"
A questão trata da Cartografia, precisamente de escala, na qual foi dada a distância, no mapa, de 2 cm com uma distância de 2.500 km. Assim, temos: 1 cm igual a 1.250 km que, quando transformado em uma escala numérica, ficaria: 1:125.000.000"
22,Questão 68 de Ciências Humanas e suas Tecnologias da prova ENEM/2022: (ENEM 2022)Hoje sou um ser inan,23,"<div class=""dangerous-html""><p>(ENEM 2022)</p><p style=""text-align:justify"">Hoje sou um ser inanimado, mas já tive vida pulsante em seivas vegetais, fui um ser vivo; é bem verdade que do reino vegetal, mas isso não me tirou a percepção de vida vivida como tamborete. Guardo apreço pelos meus criadores, as mãos que me fizeram, me venderam, e pelas mulheres que me usaram para suas vendas e de tantas outras maneiras. Essas pessoas, sim, tiveram suas subjetividades, singularidades e pluralidades, que estão incorporadas a mim. É preciso considerar que a nossa história, de móveis de museus, está para além da mera vinculação aos estilos e à patrimonialização que recebemos como bem material vinculado ao patrimônio imaterial. A nossa história está ligada aos dons individuais das pessoas e suas práticas sociais. Alguns indivíduos consagravam-se por terem determinados requisitos, tais como o conhecimento de modelos clássicos ou destreza nos desenhos.&nbsp;</p><p style=""text-align:right""><span>FREITAS, J. M.; OLIVEIRA, L. R. Memórias de um tamborete de balana: as multas vozes em um objeto de museu. </span><strong><span>Revista Brasileira de Pesquisa (Auto)Biográfica</span></strong><span>, n. 14, maio-ago. 2020 (adaptado). </span></p><p style=""text-align:left"">Ao descrever-se como patrimônio museológico, o objeto abordado no texto associa a sua história às</p></div>","<div class=""exercise-answer__content dangerous-html""><p>habilidades artísticas e culturais dos sujeitos.&nbsp;<br></p></div>","<div class=""exercise-answer__content dangerous-html""><p>&nbsp;vocações religiosas e pedagógicas dos mestres.<br></p></div>","<div class=""exercise-answer__content dangerous-html""><p>naturezas antropológica e etnográfica expositores.</p></div>","<div class=""exercise-answer__content dangerous-html""><p>preservações arquitetônica e visual dos conservatórios.&nbsp;<br></p></div>","<div class=""exercise-answer__content dangerous-html""><p>competências econômica e financeira dos comerciantes.<br></p></div>",A,"Ao emprestar a ""voz"" para um instrumento de percussão considerado patrimônio material, a questão evoca uma dimensão que acaba invisibilizada pelo uso do artefato como objeto museológico: a saber, as vivências sociais que se imbricaram na história do objeto, ressaltando os saberes de sujeitos históricos concretos.
 "
23,"Questão 69 de Ciências Humanas e suas Tecnologias da prova ENEM/2022: (ENEM 2022)Advento da Polis, na",24,"<div class=""dangerous-html""><p>(ENEM 2022)</p><p style=""text-align:justify"">Advento da Polis, nascimento da filosofia: entre as duas ordens de fenômenos, os vínculos são demasiado estreitos para que o pensamento racional não apareça, em suas origens, solidário das estruturas sociais e mentais próprias da cidade grega. Assim recolocada na história, a filosofia despoja-se desse caráter de revelação absoluta que às vezes lhe foi atribuído, saudando, na jovem ciência dos jônios, a razão intemporal que veio encarnar-se no Tempo. A escola de Mileto não viu nascer a Razão; ela construiu uma Razão, uma primeira forma de racionalidade. Essa razão grega não é a razão experimental da ciência contemporânea.</p><p style=""text-align:right""><span>VERNANT, J. P. Origens do pensamento grego. Rio de Janeiro: Difel, 2002.</span></p><p style=""text-align:right""><span><br></span></p><div style=""text-align:left""><span style=""font-size:1em"">Os vínculos entre os fenômenos indicados no trecho foram fortalecidos pelo surgimento de uma categoria de pensadores, a saber:</span></div><p></p></div>","<div class=""exercise-answer__content dangerous-html""><p>Os epicuristas, envolvidos com o ideal de vida feliz.<br></p></div>","<div class=""exercise-answer__content dangerous-html""><p>Os estóicos, dedicados à superação dos infortúnios.&nbsp;<br></p></div>","<div class=""exercise-answer__content dangerous-html""><p>Os sofistas, comprometidos com o ensino da retórica.<br></p></div>","<div class=""exercise-answer__content dangerous-html""><p>Os peripatéticos, empenhados na dinâmica do ensino.<br></p></div>","<div class=""exercise-answer__content dangerous-html""><p>Os poetas rapsodos, responsáveis pela narrativa do mito.<br></p></div>",C,"
O nascimento da Filosofia, entre os séculos VII e VI a.C., deu-se em meio a uma emersão da cidade. Epicurismo e Estoicismo não coincidem com o proposto na questão, por estarem anacrônicos, além de refletirem a crise da cidade. A rapsódia antecede o contexto da questão. O peripatetismo também surge em outro contexto. O sofismo, por sua vez, é o item que mais se aproxima do contexto citado."
24,Questão 70 de Ciências Humanas e suas Tecnologias da prova ENEM/2022: (ENEM 2022)Decreto-Lei n. 1 949,25,"<div class=""dangerous-html""><p>(ENEM 2022)</p><p style=""text-align:center""><strong>Decreto-Lei n. 1 949, de 27/12/1937</strong></p><p style=""text-align:center""></p><div style=""text-align:justify"">Art. 1º Fica criado o Departamento de Imprensa e Propaganda (DIP), diretamente subordinado ao presidente da República.</div><p></p><p style=""text-align:justify"">Art. 2º O DIP tem por fim:<br></p><p style=""text-align:justify"">h) coordenar e incentivar as relações da imprensa com os poderes públicos no sentido de maior aproximação da mesma com os fatos que se ligam aos interesses nacionais;</p><p style=""text-align:justify"">n) autorizar mensalmente a devolução dos depósitos efetuados pelas empresas jornalísticas para a importação de papel para imprensa, uma vez demonstrada, a seu juízo, a eficiência e a utilidade pública dos jornais ou periódicos por elas administrados ou dirigidos.<br></p><p style=""text-align:right""><span>BRASIL apud CARONE, E. A <strong>Terceira República</strong> (1937-1945) São Paulo: Difel, 1982 (adaptado)</span><br></p><p>Com base nos trechos do decreto, as finalidades do órgão criado permitiram ao governo promover o(a)</p></div>","<div class=""exercise-answer__content dangerous-html""><p>diversificação da opinião pública.<br></p></div>","<div class=""exercise-answer__content dangerous-html""><p>mercantilização da cultura popular.<br></p></div>","<div class=""exercise-answer__content dangerous-html""><p>controle das organizações sindicais.<br></p></div>","<div class=""exercise-answer__content dangerous-html""><p>cerceamento da liberdade de expressão.<br></p></div>","<div class=""exercise-answer__content dangerous-html""><p>privatização dos meios de comunicação.<br></p></div>",D,"O Departamento de Imprensa e Propaganda (DIP) foi criado com finalidades diversas, mas que convergiam no sentido de promover a exaltação da imagem de Getúlio Vargas e, ao mesmo tempo, exercer um maior controle sobre os meios de comunicação e a produção artístico-cultural. A partir de então, programas de rádio, peças teatrais, livros, jornais, músicas e outros segmentos de informação e aproximação com a opinião pública deveriam estar alinhados aos interesses nacionais, ou seja, ao Poder Executivo federal Portanto, o cerceamento da liberdade de expressão estava inserido em suas funções.
"
25,Questão 71 de Ciências Humanas e suas Tecnologias da prova ENEM/2022: (ENEM 2022)Na construção da fer,26,"<div class=""dangerous-html""><p>(ENEM 2022)</p><p style=""text-align:justify"">Na construção da ferrovia Madeira-Mamoré, o que dizer dos doentes, eternos moribundos a vagar entre delírios febris, doses de quinino e corredores da morte? O Hospital da Candelária era santuário e túmulo, monumento ao progresso científico e preâmbulo da escuridão. Foi ali, com suas instalações moderníssimas, que médicos e sanitaristas dirigiram seu combate aos males tropicais. As maiores vítimas, contudo, permaneceriam na sombra à margem do palco, cobaias sem consolo, credores sem nome de uma sociedade que não lhes concedera tempo algum para ser decifrada.</p><p style=""text-align:right""><span>FOOT HARDMAN, F. <strong>Trem fantasma</strong>: modernidade na selva. São Paulo: Cia. das Letras, 1988 (adaptado).</span></p><p style=""text-align:justify"">No texto, há uma crítica ao modo de ocupação do espaço amazônico pautada na</p></div>","<div class=""exercise-answer__content dangerous-html""><p>discrepância entre engenharia ambiental e equilíbrio da fauna.<br></p></div>","<div class=""exercise-answer__content dangerous-html""><p>incoerência entre maquinaria estrangeira e controle da floresta.<br></p></div>","<div class=""exercise-answer__content dangerous-html""><p>incompatibilidade entre investimento estatal e proteção aos nativos</p></div>","<div class=""exercise-answer__content dangerous-html""><p>competição entre farmacologia e produtos da fitoterapia.<br></p></div>","<div class=""exercise-answer__content dangerous-html""><p>contradição entre desenvolvimento nacional e respeito aos trabalhadores.</p></div>",E,"
Ao final do século XIX, o ciclo da borracha, em plena expansão, gerou um atrito entre Brasil-Bolívia, resultando no tratado de Petrópolis (1903), no qual o Brasil indenizou a Bolívia, comprometendo-se a construir a estrada de ferro Madeira-Mamoré para escoamento de produção boliviana (sobretudo borracha) pelo rio Amazonas. Essa ferrovia ficou conhecida como ""ferrovia do diabo"", causando a morte de 5 a 6 mil trabalhadores por motivos diversos, e marcou uma grande contradição entre políticas desenvolvimentista e trabalhista."
26,Questão 72 de Ciências Humanas e suas Tecnologias da prova ENEM/2022: (ENEM 2022)Uma nova economia su,27,"<div class=""dangerous-html""><p>(ENEM 2022)</p><p style=""text-align:justify"">Uma nova economia surgiu em escala global no último quartel do século XX. Chamo-a de informacional, global e em rede para identificar suas características fundamentais e diferenciadas e enfatizar sua interligação. É informacional porque depende basicamente de sua capacidade de gerar, processar e aplicar de forma eficiente a informação baseada em conhecimentos. É global porque seus componentes estão organizados em escala global, diretamente ou mediante uma rede de conexões entre agentes econômicos. E rede porque é feita em uma rede global de interação entre redes empresariais.</p><p style=""text-align:right""><span>CASTELLS, MA. <strong>A sociedade em rede - a era da da informação:</strong> economia, sociedade a cultura. São Paulo: Paz e Terra, 1999 (adaptado)</span></p><p style=""text-align:left"">Qual mudança estrutural é resultado da forma de organização econômica descrita no texto?</p></div>","<div class=""exercise-answer__content dangerous-html""><p>Fabricação em série.<br></p></div>","<div class=""exercise-answer__content dangerous-html""><p>Ampliação de estoques.</p></div>","<div class=""exercise-answer__content dangerous-html""><p>Fragilização dos cartéis&nbsp;<br></p></div>","<div class=""exercise-answer__content dangerous-html""><p>Padronização de mercadorias.<br></p></div>","<div class=""exercise-answer__content dangerous-html""><p>Desterritorialização da produção.<br></p></div>",E,"
Para o pensador espanhol Manuel Castello, o processo de emergência do mundo global faz com que a produção de conhecimentos também seja feita de maneira global. Os meios de comunicação de massa, a mídia, as redes sociais etc. promovem um processo de desterritorialização. Saberes e interlocutores de diferente regiões do globo podem se conectar e se organizar."
27,Questão 73 de Ciências Humanas e suas Tecnologias da prova ENEM/2022: (ENEM 2022)Olhar o Brasil e não,28,"<div class=""dangerous-html""><p>(ENEM 2022)</p><p>Olhar o Brasil e não ver o sertão</p><p>É como negar o queijo com a faca na mão</p><p>Esse gigante em movimento<br></p><p>Movido a tijolo e cimento</p><p>Precisa de arroz com feijão</p><p>Que tenha comida na mesa</p><p>Que agradeça sempre a grandeza</p><p>De cada pedaço de pão</p><p>Agradeça a Clemente</p><p>Que leva a semente</p><p>Em seu embornal</p><p>Zezé e o penoso balé</p><p>De pisar no cacau</p><p>Maria que amanhece o dia</p><p>Lá no milharal</p><p><br></p><p style=""text-align:right""><span>VANDER LEE Do Brasil. in: </span><strong><span>Pensei que fosse o céu:</span></strong><span> ao vivo. Rio de Janeiro: Indie Records, 2006 (fragmento).</span></p><p style=""text-align:right""><br></p><p>A letra da canção valoriza uma dimensão do espaço rural brasileiro em sua relação com a cidade ao ressaltar sua função de</p><div><br></div></div>","<div class=""exercise-answer__content dangerous-html""><p>fornecer a mão de obra qualificada.&nbsp;<br></p></div>","<div class=""exercise-answer__content dangerous-html""><p>incorporar a inovação tecnológica.<br></p></div>","<div class=""exercise-answer__content dangerous-html""><p>preservar a diversidade biológica.<br></p></div>","<div class=""exercise-answer__content dangerous-html""><p>promover a produção alimentar<br></p></div>","<div class=""exercise-answer__content dangerous-html""><p>garantir a moradia básica.<br></p></div>",D,"
Os versos de Vander Lee retrata a relação do sertão (inte- rior) com a cidade, estabelecendo uma divisão de trabalho na qual o espaço rural subordinando à cidade, apresenta como função principal suprir a demanda por alimentos da urbis."
28,Questão 74 de Ciências Humanas e suas Tecnologias da prova ENEM/2022: (ENEM 2022)O número cada vez ma,29,"<div class=""dangerous-html""><p>(ENEM 2022)</p><p style=""text-align:justify"">O número cada vez maior de mulheres letradas e interessadas pela literatura e pelas novelas, multas divulgadas em capítulos, seções, classificadas comumente como folhetim, alçou a um gênero de ficção corrente já em 1840, fazendo parte do florescimento da literatura nacional brasileira, instigando a formação e a ampliação de um público leitor feminino, ávido por novidades, pelo apelo dos folhetins e “narrativas modernas” que encenavam os dramas e os conflitos de uma mulher em processo de transformação patriarcal e provinciana que, progressivamente, começava a se abrir para modernizar seus costumes. No Segundo Reinado, as mulheres foram se tornando público determinante na construção da literatura e da imprensa nacional. E não apenas público, porquanto crescerá o número de escritoras que colaboram para isso e emergirá uma imprensa feminina, editada, escrita e dirigida por e para mulheres.</p><p style=""text-align:right""><span>ABRANTES, A. Do álbum de família à vitrine impressa: trajetos de retratos (PB, 1920), <strong>Revista Temas em Educação,</strong> n. 24. 2015 (adaptado)</span></p><p style=""text-align:justify"">O registro das atividades descritas associa a inserção da figura feminina nos espaços de leitura e escrita do Segundo Reinado ao(a)</p></div>","<div class=""exercise-answer__content dangerous-html""><p>surgimento de novas práticas culturais.</p></div>","<div class=""exercise-answer__content dangerous-html""><p>contestação de antigos hábitos masculinos.<br></p></div>","<div class=""exercise-answer__content dangerous-html""><p>valorização de recentes publicações juvenis<br></p></div>","<div class=""exercise-answer__content dangerous-html""><p>circulação de variados manuais pedagógicos.<br></p></div>","<div class=""exercise-answer__content dangerous-html""><p>aparecimento de diversas editoras comerciais.<br></p></div>",A,"A questão nos pede para descrever a associação feminina nos espaços de leitura, no segundo reinado.
Lendo o texto, vemos que, durante parte do Segundo Reinado, as mulheres passam a consumir mais a literatura.  Uma das razões para isso é que, durante o período, as novelas, folhetins e outras publicações, encenavam os dramas e os conflitos cotidianos de uma mulher em processo de transformação patriarcal e provinciana que, progressivamente, começava a se abrir para modernizar seus costumes.
Outro ponto interessante do texto é que, além de consumirem essa literatura, as mulheres também começaram a produzir os próprios folhetins, sendo elas mesmas agentes da produção cultural e não apenas leitoras de obras produzidas por escritores homens.  Assim, o texto revela que, durante o segundo reinado, ocorreu o surgimento de novas práticas culturais, tal como indica a alternativa A"
29,Questão 75 de Ciências Humanas e suas Tecnologias da prova ENEM/2022: (ENEM 2022)Geoestatísticas de r,30,"<div><p>(ENEM 2022)<br></p><div style=""text-align:justify""><div style=""text-align:center""><img src=""https://raw.githubusercontent.com/NiedsonEmanoel/CDN_ENEMASTER/main/EnemasterParts/MjAyMi0xMS0xNCAwMTowOToyNiArMDAwMDI3NDc1OA==.png"" data-filename=""58492""><strong><br></strong></div><br><div style=""text-align:right""><strong><span>Geoestatísticas de recursos naturais da Amazônia Legal.&nbsp;</span></strong><span>Rio de Janeiro: IBGE, 2011 (adaptado).</span></div><div style=""text-align:right""><div style=""text-align:justify""><br></div><div style=""text-align:justify"">O mapa espacializa um recurso natural com alto potencial para ocorrência de:<br></div></div></div><p></p></div>","<div class=""exercise-answer__content dangerous-html""><p>Abalos sísmicos periódicos.&nbsp;<br></p></div>","<div class=""exercise-answer__content dangerous-html""><p>Jazidas de minerais metálicos.<br></p></div>","<div class=""exercise-answer__content dangerous-html""><p>Reservas de combustíveis fósseis.<br></p></div>","<div class=""exercise-answer__content dangerous-html""><p>Aquíferos sedimentares profundos.<br></p></div>","<div class=""exercise-answer__content dangerous-html""><p>Estruturas geológicas metamórficas<br></p></div>",B,"
A estrutura geológica da Amazônia é bem diversificada pre- dominando, na área central, bacia sedimentar com capeamento recente datado do Cenozoico, onde encontra-se gás e petróleo. Já no extremo norte (escudo das guianas) e Sul-Amazônica encontram-se estruturas de afloramentos cratônicos, datado do Pré- -Cambriano (destacando-se os  terrenos proterozoicos), grandes jazidas de minerais metálicos (ferro, alumínio, níquel, ouro etc)."
30,"Questão 76 de Ciências Humanas e suas Tecnologias da prova ENEM/2022: (ENEM 2022)Nascidas no Líbano,",31,"<div class=""dangerous-html""><p>(ENEM 2022)<br></p><div style=""text-align:justify"">Nascidas no Líbano, as duas irmãs não puderam ser registradas no país, porque lá é exigido que os nascidos sejam filhos de pais e mães libaneses. Seus pais, de nacionalidade síria, também não puderam registrá-las no país de origem. Na Síria, crianças só são registradas por pais oficialmente casados, o que não era o caso deles.<br><div style=""text-align:right""><span>Disponível em: https://agenciabrasil.ebc.com.br. Acesso em: 7 nov. 2021.</span><br><div style=""text-align:justify""><br></div><div style=""text-align:justify"">Em situações como a apresentada no texto, as pessoas ao nascerem já se encontram na condição sociopolítica de<br></div></div></div><p></p></div>","<div class=""exercise-answer__content dangerous-html""><p>exiladas.<span>&nbsp;</span><br></p></div>","<div class=""exercise-answer__content dangerous-html""><p>apátridas.<span>&nbsp;</span><br></p></div>","<div class=""exercise-answer__content dangerous-html""><p>foragidas.<br></p></div>","<div class=""exercise-answer__content dangerous-html""><p>refugiadas.<br></p></div>","<div class=""exercise-answer__content dangerous-html""><p>clandestinas.<br></p></div>",B,"
O texto aborda uma característica peculiar de pessoas que não podem ser registradas no país em que nasceram (Líbano) nem no de seus pais (Síria), ou seja, pessoas apátridas. As demais alternativas não estão corretas, pois apresentam situações que só podem ocorrer com pessoas que são registradas em algum país, o que não é o caso apresentado no texto."
31,Questão 77 de Ciências Humanas e suas Tecnologias da prova ENEM/2022: (ENEM 2022)TEXTO IUma filosofia,32,"<div class=""dangerous-html""><p>(ENEM 2022)<br></p><p><strong>TEXTO I</strong></p><p>Uma filosofia da percepção que queira reaprender a ver o mundo restituirá à pintura e às artes em geral seu lugar verdadeiro.</p><p style=""text-align:right""><span>MERLEAU PONTY, M. </span><strong><span>Conversas: 1948.</span></strong><span> São Paulo: Martins Fontes, 2004.</span></p><p><strong>TEXTO II</strong></p><p>Os grandes autores de cinema nos pareceram confrontáveis não apenas com pintores, arquitetos, músicos, mas também com pensadores. Eles pensam com imagens, em vez de conceitos.</p><p style=""text-align:right""><span>DELEUZE, G. </span><strong><span>Cinema 1:</span></strong><span> a imagem-movimento. São Paulo: Brasiliense, 1983 (adaptados).</span></p><p style=""text-align:justify"">De que modo os textos sustentam a existência de um saber ancorado na sensibilidade?<br></p></div>","<div class=""exercise-answer__content dangerous-html""><p>Admitindo o belo como fenômeno transcendental.<br></p></div>","<div class=""exercise-answer__content dangerous-html""><p>Reafirmando a vivência estética como juízo de gosto.<br></p></div>","<div class=""exercise-answer__content dangerous-html""><p>Considerando o olhar como experiência de conhecimento.<br></p></div>","<div class=""exercise-answer__content dangerous-html""><p>Apontando as formas de expressão como auxiliares da razão.<br></p></div>","<div class=""exercise-answer__content dangerous-html""><p>Estabelecendo a inteligência como implicação das representações.<br></p></div>",C,"
Merleau-Ponty, no texto I, com sua visão fenomenológica da percepção, e Deleuze, com sua forte influência nietzscheana, sinalizam o ""olhar"", o ""ver"" e as ""imagens"", como recursos epistemológicos associados à sensibilidade. Ambos têm uma visão de valorização do corpo e, dessa forma, o sentido da visão está associado ao conhecimento."
32,Questão 78 de Ciências Humanas e suas Tecnologias da prova ENEM/2022: (ENEM 2022)TEXTO IManda o Santo,33,"<div class=""dangerous-html""><p>(ENEM 2022)<br><strong>TEXTO I</strong><br></p><div style=""text-align:justify"">Manda o Santo Ofício da Inquisição que ninguém, seja qual for seu estado, idade ou condição, pare com carroça, caleça ou montaria nem atrapalhe com mesas ou cadeiras o centro das ruas, que vão da Inquisição a São Domingos, nem atravesse a procissão em ponto algum da ida ou da volta, amanhã, 19 do corrente, em que se celebrará auto de fé. E também que nem nesse dia nem nos dos açoites ouse alguém atirar nos réus maçãs, pedras, laranjas nem outra coisa qualquer.</div><div style=""text-align:right""><span>PALMA, R. </span><strong><span>Anais da Inquisição de Lima.</span></strong><span> São Paulo: Edusp; Giordano, 1992.</span><br></div><p></p><div><strong>TEXTO II</strong></div><div style=""text-align:right""><div style=""text-align:left""><div style=""text-align:justify"">Como acontece em todos os ritos, o sentido do auto da fé é conferido pela sequência dos atos que o compõem. Os lugares, as posturas, os gestos, as palavras são fixados previamente em toda a sua complexidade. Por isso, o auto da fé apresenta momentos fortes - durante a preparação, a encenação, o ato e a recepção - que convém seguir em seus pormenores.</div><div style=""text-align:right""><span>BETHENCOURT, F. História das Inquisições: Portugal, Espanha e Itália - séculos XV-XIX. São Paulo: Cia. das Letras, 2000.</span><br><div style=""text-align:left"">O rito mencionado nos textos demonstra a capacidade da Igreja em</div></div></div></div></div>","<div class=""exercise-answer__content dangerous-html""><p>abrandar cerimônias de punição.<br></p></div>","<div class=""exercise-answer__content dangerous-html""><p>favorecer anseios de violência.<br></p></div>","<div class=""exercise-answer__content dangerous-html""><p>criticar politicas de disciplina.<br></p></div>","<div class=""exercise-answer__content dangerous-html""><p>produzir padrões de conduta.<br></p></div>","<div class=""exercise-answer__content dangerous-html""><p>ordenar cultos de heresia.<br></p></div>",D,"
A sociedade ocidental europeia foi moldada fortemente pelo controle clerical.
O clero exerceu controle moral, dos gestos, das práticas sociais e culturais com o intuito da formação social aos olhares do rigor religioso. Os textos nos remetem às situações do exercício desse poder e suas implicações sociais."
33,"Questão 79 de Ciências Humanas e suas Tecnologias da prova ENEM/2022: (ENEM 2022)Espera, resignado, o",34,"<div class=""dangerous-html""><p>(ENEM 2022)</p><p style=""text-align:justify"">Espera, resignado, o dia 13 daquele mês porque, em tal data, usança avoenga lhe faculta sondar o futuro, interrogando a providência. E a experiência tradicional de Santa Luzia. No dia 12 ao anoitecer expõe ao relento, em linha, seis pedrinhas de sal, que representam, em ordem sucessiva da esquerda para a direita, os seis meses vindouros, de janeiro a junho. Ao alvorecer de 13 observa-as: se estão intactas, pressagiam a seca; se a primeira apenas se deliu, transmudada em aljôfar límpido, é certa a chuva em janeiro; se a segunda, em fevereiro; se a maioria ou todas, é inevitável o inverno benfazejo. Esta experiência é belíssima.<br></p><div style=""text-align:right""><span>CUNHA, E. </span><strong><span>Os sertões.</span></strong><span> São Paulo: Editora Três, 1984.</span></div><div style=""text-align:left""><br></div><div style=""text-align:left"">No experimento descrito, a relação com a paisagem e com a religiosidade permite que o sertanejo seja<br></div><p></p></div>","<div class=""exercise-answer__content dangerous-html""><p>afeito à devoção ao aceitar destinos sacralizados.<br></p></div>","<div class=""exercise-answer__content dangerous-html""><p>acostumado à pobreza ao admitir acasos naturais.<br></p></div>","<div class=""exercise-answer__content dangerous-html""><p>habituado ao solo ao conhecer terrenos cultiváveis.<br></p></div>","<div class=""exercise-answer__content dangerous-html""><p>&nbsp;Íntimo à Caatinga ao interpretar condições ambientais.<br></p></div>","<div class=""exercise-answer__content dangerous-html""><p>próximo à vegetação ao identificar espécies arbustivas.<br></p></div>",D,"Nessa questão, precisamos entender a relação entre a paísagem e a religiosidade descrita no texto de Euclides da Cunha, retirado do livro Os Sertões.
No texto, temos uma relação intima entre os ritos sertanejos em homenagem à Santa Luzia. Após colocarem as pedrinhas de sal na noite do dia 12, a população poderia prever as condições climática (seca, chuva, sol) da região nos meses seguintes, observando-as na manhã do dia 13, dependendo da condição de cada uma das pedras. 
Isso demonstra uma relação entre a religiosidade da população e a interpretação das condições ambientais, próprias da região da Caatinga. 
Assim, a alternativa correta é a letra D."
34,Questão 80 de Ciências Humanas e suas Tecnologias da prova ENEM/2022: (ENEM 2022)Sempre que a relevân,35,"<div class=""dangerous-html""><p>(ENEM 2022)<br></p><p style=""text-align:justify"">Sempre que a relevância do discurso entra em jogo, a questão torna-se política por definição, pois é o discurso que faz do homem um ser político. É tudo que os homens fazem, sabem ou experimentam só tem sentido na medida em que pode ser discutido. Haverá, talvez, verdades que ficam além da linguagem e que podem ser de grande relevância para o homem no singular, isto é, para o homem que, seja o que for, não é um ser político. Mas homens no plural, isto é, os homens que vivem e se movem e agem neste mundo, só podem experimentar o significado das coisas por poderem falar e ser inteligíveis entre si e consigo mesmos.</p><p style=""text-align:right""><span>ARENDT, H. </span><strong><span>A condição humana.</span></strong><span> Rio de Janeiro: Forense Universitária, 2004.</span></p><p style=""text-align:left"">No trecho, a filósofa Hannah Arendt mostra a importância da linguagem no processo de<br></p></div>","<div class=""exercise-answer__content dangerous-html""><p>entendimento da cultura.<br></p></div>","<div class=""exercise-answer__content dangerous-html""><p>aumento da criatividade.<br></p></div>","<div class=""exercise-answer__content dangerous-html""><p>percepção da individualidade.<br></p></div>","<div class=""exercise-answer__content dangerous-html""><p>melhoria da técnica.<br></p></div>","<div class=""exercise-answer__content dangerous-html""><p>construção da sociabilidade.<br></p></div>",E,"
Hannah Arendt analisa a importância do discurso na formação das relações sociais e políticas. Sob forte inspiração agostiniana, a filósofa compreende que as relações sociais precisam apoiar-se em uma perspectiva de tolerância e diversidade, na construção da sociabilidade."
35,Questão 81 de Ciências Humanas e suas Tecnologias da prova ENEM/2022: (ENEM 2022)Eu estava pagando o,36,"<div class=""dangerous-html""><p>(ENEM 2022)<br>Eu estava pagando o sapateiro e conversando com um preto que estava lendo um jornal. Ele estava revoltado com um guarda civil que espancou um preto e amarrou numa árvore. O guarda civil é branco. E há certos brancos que transforma preto em bode expiatório. Quem sabe se guarda civil ignora que já foi extinta a escravidão e ainda estamos no regime da chibata?<br></p><div style=""text-align:right""><span>JESUS, C. M. </span><strong>Quarto de despejo:</strong><span> diário de uma favelada, São Paulo: Ática, 2014.</span></div><div style=""text-align:left""><br></div><div style=""text-align:left"">O texto, que guarda a grafia original da autora, expõe uma característica da sociedade brasileira, que é o(a):<br></div><p></p></div>","<div class=""exercise-answer__content dangerous-html""><p>Racismo estrutural.<br></p></div>","<div class=""exercise-answer__content dangerous-html""><p>Desemprego latente.<br></p></div>","<div class=""exercise-answer__content dangerous-html""><p>Concentração de renda.<br></p></div>","<div class=""exercise-answer__content dangerous-html""><p>Exclusão informacional.<br></p></div>","<div class=""exercise-answer__content dangerous-html""><p>Precariedade da educação.<br></p></div>",A,"O texto descreve uma prática violenta de agressão contra um cidadão preto por parte de uma agente de segurança pública que não respeitou o devido processo legal e agiu brutalmente, como era costume na época em que a escravidão era legalizada. Este tipo de situação é decorrente da manutenção de certas práticas e representações preconceituosas, racistas e excludentes, que lamentavelmente se enraizam em determinada sociedade e indivíduos, reproduzindo estruturas sociais violentas.
"
36,"Questão 82 de Ciências Humanas e suas Tecnologias da prova ENEM/2022: (ENEM 2022)PAZ, A. D. Disponíve",37,"<div><p>(ENEM 2022)</p><p><img src=""https://raw.githubusercontent.com/NiedsonEmanoel/CDN_ENEMASTER/main/EnemasterParts/MjAyMi0xMS0xNCAwMDoyMjoxMiArMDAwMDQyMzgzNQ==.jpeg"" data-filename=""58483""><br></p><div style=""text-align:right""><span>PAZ, A. D. Disponível em: www.ct.ufpb.br. Acesso em: 15 out. 2021 (adaptado).</span></div><div style=""text-align:left""><br></div><div style=""text-align:left"">A intensificação da ocupação urbana demonstrada afeta de forma imediata o(a)<br></div><p></p></div>","<div class=""exercise-answer__content dangerous-html""><p>nível altimétrico.<br></p></div>","<div class=""exercise-answer__content dangerous-html""><p>ciclo hidrológico.<br></p></div>","<div class=""exercise-answer__content dangerous-html""><p>padrão climático.<br></p></div>","<div class=""exercise-answer__content dangerous-html""><p>tectônica de placas.<br></p></div>","<div class=""exercise-answer__content dangerous-html""><p>estrutura das rochas.<br></p></div>",B,"
A vida nas grandes cidades vem cada vez mais se caracterizando pelo aumento da temperatura (ilhas de calor) e diminuição da umidade relativa do ar, consequências diretas da ocupação humana, que causa desflorestamento, aliado à impermeabilização do solo.
Esse conjunto de ações antrópicas afeta diretamente o ciclo hidrológico na cidade."
37,"Questão 83 de Ciências Humanas e suas Tecnologias da prova ENEM/2022: (ENEM 2022)PEREIRA, E. B. et al",38,"<div><p>(ENEM 2022)</p><p><img src=""https://raw.githubusercontent.com/NiedsonEmanoel/CDN_ENEMASTER/main/EnemasterParts/MjAyMi0xMS0xNCAwMDoxODoxNSArMDAwMDEzMDQ2Nw==.png"" data-filename=""58482""><br></p><div style=""text-align:right""><span>PEREIRA, E. B. et al. </span><strong><span>Atlas brasileiro de energia solar.</span></strong><span> São José dos Campos: Inpe, 2006.</span></div><div style=""text-align:left""><br></div><div style=""text-align:left"">Uma característica regional que justifica o maior potencial anual médio para o aproveitamento da energia solar é a reduzida<br></div><p></p></div>","<div class=""exercise-answer__content dangerous-html""><p>declividade do relevo.<br></p></div>","<div class=""exercise-answer__content dangerous-html""><p>extensão longitudinal.<br></p></div>","<div class=""exercise-answer__content dangerous-html""><p>nebulosidade atmosférica.<br></p></div>","<div class=""exercise-answer__content dangerous-html""><p>irregularidade pluviométrica.<br></p></div>","<div class=""exercise-answer__content dangerous-html""><p>influência da continentalidade.<br></p></div>",C,"
A energia solar apresenta um rápido e potencialmente sustentável crescimento no Brasil.
A radiação solar incide na superfície da Terra sob condições atmosféricas diferentes, o que afeta a quantidade da radiação obtida na superfície terrestre durante o dia, fato que pode variar de acordo com a nebulosidade atmosférica. Por meio da representação cartográfica, verifica-se um grande potencial do Nordeste ao apresentar baixa latitude e pouca cobertura de nuvens, aumentando a incidência perpendicular sobre o solo."
38,Questão 84 de Ciências Humanas e suas Tecnologias da prova ENEM/2022: (ENEM 2022)O povo Kambeba é o p,39,"<div class=""dangerous-html""><p style=""text-align:justify"">(ENEM 2022)<br></p><p style=""text-align:justify"">O povo Kambeba é o povo das águas. Os mais velhos costumam contar que o povo nasceu de uma gota-d'água que caiu do céu em uma grande chuva. Nessa gota estavam duas gotículas: o homem e a mulher. ""Por essa narrativa e cosmologia indígena de que nós somos o povo das águas é que o rio nos tem fundamental importância"", diz Márcia Wayna Kambeba, mestre em Geografia e escritora. Todos os dias, ela ia com o pai observar o rio. la em silêncio e, antes que tomasse para si a palavra, era interrompida. ""Ouça o rio"", o pai dizia. Depois de cerca de duas horas a ouvir as águas do Solimões, ela mergulhava. ""Confie no rio e aprenda com ele"". ""Fui entender mais! tarde, com meus estudos e vivências, que meu pai estava me apresentando à sabedoria milenar do rio"".</p><p style=""text-align:right""><strong><span>Rios amazônicos influenciam no agro e em reservatórios do Sudeste.</span></strong><span> Disponível em: www.uol.com.br. Acesso em: 14 out. 2021.&nbsp;</span></p><p style=""text-align:justify"">Pelo descrito no texto, o povo Kambeba tem o rio como um(a)<br></p></div>","<div class=""exercise-answer__content dangerous-html""><p>objeto tombado e museográfico.<br></p></div>","<div class=""exercise-answer__content dangerous-html""><p>herança religiosa e sacralizada.<br></p></div>","<div class=""exercise-answer__content dangerous-html""><p>cenário bucólico e paisagístico.<br></p></div>","<div class=""exercise-answer__content dangerous-html""><p>riqueza individual e efêmera.<br></p></div>","<div class=""exercise-answer__content dangerous-html""><p>patrimônio cultural e afetivo.<br></p></div>",E,"Nessa questão, temos a temática de patrimônio. A questão nos pede para interpretar, de acordo com o texto, qual é o papel do rio para o povo Kambeba. 
No texto, vemos que, para o povo Kambeba, o povo das águas, o rio tem fundamental importância, já que nele estão centralizados alguns ritos, como a sua observação e escuta, caracterizando-o como um patrimônio cultural do povo. 
Adiante no texto, temos que o povo confia no rio e aprende com ele, caracterizando uma relação afetiva. 
Assim, temos que a alternativa correta é a letra E."
39,Questão 85 de Ciências Humanas e suas Tecnologias da prova ENEM/2022: (ENEM 2022)Lá embaixo está o Aç,40,"<div class=""dangerous-html""><p>(ENEM 2022)<br>Lá embaixo está o Açude Itans, com seu formigueiro a cavar a terra. É mesmo impressionante o esforço daquele formigar de homens ao sol, lavados em suor, que não param, em longas filas pacientes acompanhando centenas de burricos que sobem e descem, numa ciranda comovente e silenciosa, cada burrico com duas caixas de terra no lombo. É o labor organizado para a salvação da terra e do homem. Depois do semideserto que tanto nos acabrunhou o espírito por falta de chuvas, o esforço destes milhares de sertanejos, todos vestidos de brim mescla e calçando alpercatas, no combate consciente à esterilidade da natureza, com as famílias alojadas em pequeninas casas de taipa e telha - embrião de futura cidade - impressionava-nos profundamente.</p><p style=""text-align:right""><span>VALLE, F. M. </span><strong><span>História do Açude Itans, município de Caicó (RN).&nbsp;</span></strong><span>Brasília, 1994 (adaptado).</span><br></p><div style=""text-align:left"">Na construção do empreendimento descrito, destaca-se a presença de</div><p></p></div>","<div class=""exercise-answer__content dangerous-html""><p>engenheiros na execução de canais fluviais.<br></p></div>","<div class=""exercise-answer__content dangerous-html""><p>coronéis na ampliação de antigas fazendas.<br></p></div>","<div class=""exercise-answer__content dangerous-html""><p>operários na distribuição dos recursos hídricos.<br></p></div>","<div class=""exercise-answer__content dangerous-html""><p>trabalhadores na formação de novos espaços.<br></p></div>","<div class=""exercise-answer__content dangerous-html""><p>negociantes na organização de redes comerciais.<br></p></div>",D,"
A interação do homem na paisagem sertaneja é um processo histórico e contínuo, buscando uma adaptação aos rigores edafoclimáticos, procurando intervir positivamente no espaço com o intuito de superar as adversidades. A partir do século XIX, popularizaram-se medidas governamentais com as políticas de construção dos grandes açudes, gerando postos de trabalho no sertão, modificando o espaço socioeconômico."
40,Questão 86 de Ciências Humanas e suas Tecnologias da prova ENEM/2022: (ENEM 2022)Para os Impérios Col,41,"<div class=""dangerous-html""><p>(ENEM 2022)</p><p>Para os Impérios Coloniais, o problema das doenças que atingiam os escravos era algo com que cotidianamente deparavam os senhores. Em vista disso, uma série de obras dedicadas à administração de escravos foi publicada com vista a implementar uma moderna gestão da mão de obra escravista em convergência com o lluminismo. Nesse contexto, o saber médico adquiria um papel extremamente relevante. Este era encarado como um instrumento fundamental ao desenvolvimento colonial, dada a percepção do impacto que as doenças tropicais causavam na população branca e nos povos escravizados.<br></p><div style=""text-align:right""><span>ABREU, J. L. N. A Colônia enferma e a saúde dos povos: a medicina das ""luzes"" e as informações sobre as enfermidades da América portuguesa.&nbsp;</span><strong><span>História, Ciências, Saúde - Manguinhos</span></strong><span>, n. 3, jul.-set. 2007 (adaptado).</span><br><div style=""text-align:left""><br></div><div style=""text-align:left"">De acordo com o texto, a importância da medicina se justifica no âmbito dos objetivos<br></div></div><p></p></div>","<div class=""exercise-answer__content dangerous-html""><p>econômicos das elites.<br></p></div>","<div class=""exercise-answer__content dangerous-html""><p>naturalistas dos viajantes.<br></p></div>","<div class=""exercise-answer__content dangerous-html""><p>abolicionistas dos letrados.<br></p></div>","<div class=""exercise-answer__content dangerous-html""><p>tradicionalistas dos nativos.<br></p></div>","<div class=""exercise-answer__content dangerous-html""><p>emancipadores das metrópoles.<br></p></div>",A,"O processo de colonização europeia tinha a estrutura de exploração econômica e racional dos bens, Dentro dessa perspectiva, a condição da saúde tem ligação direta aos interesses da metrópole. As doenças traziam prejuízos sociais e, consequentemente, econômicos, daí a importância da adoção da medicina como prática corrente metropolitana.
"
41,Questão 87 de Ciências Humanas e suas Tecnologias da prova ENEM/2022: (ENEM 2022)TEXTO IIntersecciona,42,"<div><p>(ENEM 2022)<br></p><p>TEXTO I</p><p><strong>Interseccionalidade:</strong> intercruzamento de desigualdades que gera padrões complexos de discriminação.</p><p>TEXTO II</p><p>&nbsp; &nbsp;&nbsp;<img src=""https://raw.githubusercontent.com/NiedsonEmanoel/CDN_ENEMASTER/main/EnemasterParts/MjAyMi0xMS0xMyAyMzo1MjoyMiArMDAwMDExMjU2.png"" data-filename=""58476""></p><div style=""text-align:right""><span>Disponível em: www.agenciadenoticias.ibge.gov.br. Acesso em: 2 dez. 2018.</span></div><div style=""text-align:left""><br></div><div style=""text-align:left"">Considerando o conceito apresentado no Texto I e os dados apresentados no Texto II, no Brasil, são fatores que intensificam o fenómeno da discriminação:<br></div><p></p><div><br></div></div>","<div class=""exercise-answer__content dangerous-html""><p>Raça e gênero.<br></p></div>","<div class=""exercise-answer__content dangerous-html""><p>Etnia e habitação.<br></p></div>","<div class=""exercise-answer__content dangerous-html""><p>Idade e nupcialidade.<br></p></div>","<div class=""exercise-answer__content dangerous-html""><p>Profissão e sexualidade.<br></p></div>","<div class=""exercise-answer__content dangerous-html""><p>Escolaridade e fecundidade.<br></p></div>",A,"
O conceito de interseccionalidade faz referência ao intercruzamento de fatores, condições e características sociais. Os indivíduos que se identificam em diversas categorias sociais simultaneamente demandam ações interseccionais, como o que é apresentado no item: raça e gênero."
42,Questão 88 de Ciências Humanas e suas Tecnologias da prova ENEM/2022: (ENEM 2022)O princípio básico d,43,"<div class=""dangerous-html"">(ENEM 2022)<br><br><div style=""text-align:justify"">O princípio básico do Estado de direito é o da eliminação do arbítrio no exercício dos poderes públicos, com a consequente garantia de direitos dos indivíduos perante esses poderes. Estado de direito significa que nenhum indivíduo, presidente ou cidadão comum está acima da lei. Os governos democráticos exercem a autoridade por meio da lei e estão eles próprios sujeitos aos constrangimentos impostos pela lei.</div><div style=""text-align:right""><span>CANOTILHO, J. J. G. </span><strong><span>Estado de direito Lisboa:</span></strong><span> Gradiva, 1999 (adaptado).</span></div><div style=""text-align:left""><br></div><div style=""text-align:left"">Nas sociedades contemporâneas, consiste em violação do princípio básico enunciado no texto:</div></div>","<div class=""exercise-answer__content dangerous-html""><p>Supressão de eleições de representantes políticos.<br></p></div>","<div class=""exercise-answer__content dangerous-html""><p>&nbsp;Intervenção em áreas de vulnerabilidade pela Igreja.<br></p></div>","<div class=""exercise-answer__content dangerous-html""><p>Disseminação de projetos sociais em universidades.<br></p></div>","<div class=""exercise-answer__content dangerous-html""><p>Ampliação dos processos de concentração de renda.<br></p></div>","<div class=""exercise-answer__content dangerous-html""><p>Regulamentação das relações de trabalho pelo Legislativo.<br></p></div>",A,"
O texto faz uma análise crítica acerca do papel do Estado em suas relações sociais e políticas, por meio de uma perspectiva republicana, sob todas as suas perspectivas institucionais. A isonomia, a harmonia entre os poderes, a constitucionalidade, a eletividade, entre outros, são bases fundamentais de um Estado de Direito. A supressão de eleições representaria um atentado violento às fundamentações jurídicas do Estado."
43,Questão 89 de Ciências Humanas e suas Tecnologias da prova ENEM/2022: (ENEM 2022)Brasileiros levam ma,44,"<div class=""dangerous-html""><p>(ENEM 2022)<br><strong>Brasileiros levam mais tempo de casa para o trabalho</strong><br></p><div style=""text-align:justify"">Pesquisa do IBGE aponta que a situação é mais grave no Sudeste: 13% das pessoas levam mais de uma hora para chegar ao trabalho. Nas regiões metropolitanas de São Paulo e do Rio, o IBGE registrou os maiores percentuais de trabalhadores que levam mais de uma hora no trajeto até o emprego. Quem vê o Marcelo chegar ao trabalho nem imagina a maratona que ele enfrenta todos os dias antes das 5 h. ""Acordo 4 h 30, saio de casa 5 h, pego trem 5 h 20, chego na Central umas 6 h 50, pego ônibus e chego no trabalho mais ou menos 7 h 10"", conta. Segundo especialista, são os mais pobres os que moram mais longe do emprego.&nbsp;</div><p></p><div style=""text-align:right""><span>Disponível em:&nbsp;</span><a href=""http://www.portaldotransito.com.br/"">www.portaldotransito.com.br</a><span>. Acesso em: 23 nov. 2021 (adaptado)</span><br><div style=""text-align:left""><br></div><div style=""text-align:left"">A pesquisa desenvolvida retrata a seguinte dinâmica populacional:</div></div><p></p></div>","<div class=""exercise-answer__content dangerous-html"">Fluxo de retorno.<br></div>","<div class=""exercise-answer__content dangerous-html""><p>Migração interna.<br></p></div>","<div class=""exercise-answer__content dangerous-html""><p>Mudança sazonal.<br></p></div>","<div class=""exercise-answer__content dangerous-html""><p>Movimento pendular.<br></p></div>","<div class=""exercise-answer__content dangerous-html""><p>Deslocamento forçado.<br></p></div>",D,"
A questão faz referência à migração pendular, ou movimento pendular, sendo entendido como um deslocamento diário de ida e retorno realizado por indivíduos em direção a outros municípios com o propósito de trabalhar ou estudar. Esse movimento populacional é muito comum nas regiões metropolitanas como resultado da segregação urbana e da concentração de serviços nas grandes cidades, agravado, nas grandes cidades brasileiras, pela precariedade do sistema de transporte, sendo que esse deslocamento acontece em diversos outros espaços e contextos, como no caso dos trabalhadores rurais que vivem na cidade, mas trabalham no campo."
44,Questão 90 de Ciências Humanas e suas Tecnologias da prova ENEM/2022: (ENEM 2022)A história do Primei,45,"<div class=""dangerous-html""><p>(ENEM 2022)</p><p style=""text-align:justify"">A história do Primeiro de Maio de 1890 - na França e na Europa, o primeiro de todos os Primeiros de Maio -é, sob vários aspectos, exemplar. Resultante de um ato político deliberado, essa manifestação ilustra o lado voluntário da construção de uma classe - a classe operária - à qual os socialistas tentam dar uma unidade política e cultural através daquela pedagogia da festa cujo princípio, eficácia e limites há muito tempo tinham sido experimentados pela Revolução Francesa.<br></p><div style=""text-align:right""><span>PERROT, M. </span><strong><span>Os excluídos da história:</span></strong><span> operários, mulheres e prisioneiros. Rio de Janeiro: Paz e Terra, 1988.</span><br><div style=""text-align:left""><br></div><div style=""text-align:left"">Com base no texto, a fixação dessa data comemorativa tinha por objetivo:</div></div><p></p></div>","<div class=""exercise-answer__content dangerous-html""><p>valorizar um sentimento burguês.<br></p></div>","<div class=""exercise-answer__content dangerous-html""><p>afirmar uma identidade coletiva.<br></p></div>","<div class=""exercise-answer__content dangerous-html""><p>edificar uma memória nacional.<br></p></div>","<div class=""exercise-answer__content dangerous-html""><p>criar uma comunidade cívica.<br></p></div>","<div class=""exercise-answer__content dangerous-html""><p>definir uma tradição popular.<br></p></div>",B,"A questão aborda os impactos da Revolução Francesa e a construção de consciência de classe. O primeiro de maio simboliza a identidade do corpo social operação, trabalhador. Uma memória coletiva da luta dos movimentos sociais.
"
